{
  "lang":"en",
  "name":"pipeline",
  "version":"0.0.0",
  "spacy_version":">=3.7.4,<3.8.0",
  "description":"",
  "author":"",
  "email":"",
  "url":"",
  "license":"",
  "spacy_git_version":"bff8725f4",
  "vectors":{
    "width":0,
    "vectors":0,
    "keys":0,
    "name":null,
    "mode":"default"
  },
  "labels":{
    "tok2vec":[

    ],
    "ner":[
      "BRAND",
      "COLOR",
      "GRAPHICS",
      "OS",
      "PROCESSOR",
      "PRODUCT_TYPE",
      "RAM",
      "SIZE",
      "STORAGE",
      "WEIGHT",
      "YEAR"
    ]
  },
  "pipeline":[
    "tok2vec",
    "ner"
  ],
  "components":[
    "tok2vec",
    "ner"
  ],
  "disabled":[

  ],
  "performance":{
    "ents_f":0.9682242991,
    "ents_p":0.9664179104,
    "ents_r":0.9700374532,
    "ents_per_type":{
      "BRAND":{
        "p":1.0,
        "r":1.0,
        "f":1.0
      },
      "PRODUCT_TYPE":{
        "p":0.9555555556,
        "r":0.9772727273,
        "f":0.9662921348
      },
      "GRAPHICS":{
        "p":0.9473684211,
        "r":1.0,
        "f":0.972972973
      },
      "OS":{
        "p":1.0,
        "r":1.0,
        "f":1.0
      },
      "STORAGE":{
        "p":0.9130434783,
        "r":0.9545454545,
        "f":0.9333333333
      },
      "SIZE":{
        "p":1.0,
        "r":1.0,
        "f":1.0
      },
      "PROCESSOR":{
        "p":0.9677419355,
        "r":1.0,
        "f":0.9836065574
      },
      "YEAR":{
        "p":1.0,
        "r":1.0,
        "f":1.0
      },
      "COLOR":{
        "p":0.9130434783,
        "r":0.9130434783,
        "f":0.9130434783
      },
      "WEIGHT":{
        "p":0.9615384615,
        "r":0.9259259259,
        "f":0.9433962264
      },
      "RAM":{
        "p":0.0,
        "r":0.0,
        "f":0.0
      }
    },
    "tok2vec_loss":0.0000741501,
    "ner_loss":0.0000217563
  }
}