{
  "lang":"en",
  "name":"pipeline",
  "version":"0.0.0",
  "spacy_version":">=3.7.4,<3.8.0",
  "description":"",
  "author":"",
  "email":"",
  "url":"",
  "license":"",
  "spacy_git_version":"bff8725f4",
  "vectors":{
    "width":0,
    "vectors":0,
    "keys":0,
    "name":null,
    "mode":"default"
  },
  "labels":{
    "tok2vec":[

    ],
    "ner":[
      "CARDINAL",
      "DATE",
      "EVENT",
      "FAC",
      "GPE",
      "LAW",
      "MONEY",
      "NORP",
      "ORDINAL",
      "ORG",
      "PERCENT",
      "PERSON",
      "PRODUCT",
      "QUANTITY",
      "TIME",
      "WORK_OF_ART"
    ]
  },
  "pipeline":[
    "tok2vec",
    "ner"
  ],
  "components":[
    "tok2vec",
    "ner"
  ],
  "disabled":[

  ],
  "performance":{
    "ents_f":0.6568421053,
    "ents_p":0.6568421053,
    "ents_r":0.6568421053,
    "ents_per_type":{
      "ORG":{
        "p":0.6277372263,
        "r":0.6013986014,
        "f":0.6142857143
      },
      "DATE":{
        "p":0.5263157895,
        "r":0.5769230769,
        "f":0.5504587156
      },
      "CARDINAL":{
        "p":0.6782608696,
        "r":0.7222222222,
        "f":0.6995515695
      },
      "MONEY":{
        "p":0.125,
        "r":1.0,
        "f":0.2222222222
      },
      "GPE":{
        "p":0.8936170213,
        "r":0.875,
        "f":0.8842105263
      },
      "QUANTITY":{
        "p":0.9523809524,
        "r":0.8695652174,
        "f":0.9090909091
      },
      "PERSON":{
        "p":0.4761904762,
        "r":0.4761904762,
        "f":0.4761904762
      },
      "FAC":{
        "p":0.6666666667,
        "r":0.6666666667,
        "f":0.6666666667
      },
      "PRODUCT":{
        "p":0.5,
        "r":0.25,
        "f":0.3333333333
      },
      "PERCENT":{
        "p":0.6666666667,
        "r":0.6153846154,
        "f":0.64
      },
      "TIME":{
        "p":0.4285714286,
        "r":0.3333333333,
        "f":0.375
      },
      "EVENT":{
        "p":0.3333333333,
        "r":0.5,
        "f":0.4
      },
      "LAW":{
        "p":0.0,
        "r":0.0,
        "f":0.0
      },
      "WORK_OF_ART":{
        "p":0.0,
        "r":0.0,
        "f":0.0
      }
    },
    "tok2vec_loss":617.228193751,
    "ner_loss":888.41143136
  }
}